{
    "test": {
        "class": {
            "accuracy": [
                0.0,
                0.0,
                0.0,
                0.0
            ],
            "hits_at_k": [
                1.0,
                1.0,
                1.0,
                1.0
            ],
            "loss": [
                4.300445079803467,
                7.7679362297058105,
                10.552274703979492,
                13.046916961669922
            ]
        },
        "combined": {
            "accuracy": [
                0.0,
                0.0,
                0.0,
                0.0
            ],
            "loss": [
                4.300445079803467,
                7.7679362297058105,
                10.552274703979492,
                13.046916961669922
            ]
        }
    },
    "train": {
        "class": {
            "accuracy": [
                1.0,
                1.0,
                1.0,
                1.0
            ],
            "hits_at_k": [
                1.0,
                1.0,
                1.0,
                1.0
            ],
            "loss": [
                0.031825579702854156,
                0.0009542917250655591,
                5.9960475482512265e-05,
                5.245195097813848e-06
            ]
        },
        "combined": {
            "accuracy": [
                1.0,
                1.0,
                1.0,
                1.0
            ],
            "loss": [
                0.031825579702854156,
                0.0009542917250655591,
                5.9960475482512265e-05,
                5.245195097813848e-06
            ]
        }
    },
    "validation": {
        "class": {
            "accuracy": [
                0.0,
                0.0,
                0.0,
                0.0
            ],
            "hits_at_k": [
                1.0,
                1.0,
                1.0,
                1.0
            ],
            "loss": [
                4.300445079803467,
                7.7679362297058105,
                10.552274703979492,
                13.046916961669922
            ]
        },
        "combined": {
            "accuracy": [
                0.0,
                0.0,
                0.0,
                0.0
            ],
            "loss": [
                4.300445079803467,
                7.7679362297058105,
                10.552274703979492,
                13.046916961669922
            ]
        }
    }
}